<!--
  ~ Hibernate, Relational Persistence for Idiomatic Java
  ~
  ~ License: GNU Lesser General Public License (LGPL), version 2.1 or later.
  ~ See the lgpl.txt file in the root directory or <http://www.gnu.org/licenses/lgpl-2.1.html>.
  -->
<!DOCTYPE hibernate-configuration PUBLIC
	"-//Hibernate/Hibernate Configuration DTD 3.0//EN"
	"http://www.hibernate.org/dtd/hibernate-configuration-3.0.dtd">

<hibernate-configuration>
	<session-factory>
		<!-- Set up basic connection properties -->
		<property name="hibernate.connection.driver_class">com.mysql.cj.jdbc.Driver</property>
		<property name="hibernate.connection.url">jdbc:mysql://172.16.197.140/bookManager?serverTimezone=UTC</property>
		<property name="hibernate.connection.username">bingyang</property>
		<property name="hibernate.connection.password">ABc123456$!!</property>
		<!-- Configure SQL Dialect -->
		<property name="hibernate.dialect">org.hibernate.dialect.MySQL57Dialect</property>
		
		<!-- The following properties are optional -->
		<!-- Print SQL statements to Console -->
		<property name="show_sql">true</property>
		<property name="hibernate.format_sql">true</property>
		<!-- Create DB Tables automatically from Java Beans -->
		<property name="hibernate.hbm2ddl.auto">create</property>
		<!-- optional section ends -->
		
		<!-- Hibernate needs to know the Java Beans -->
		<mapping class="zmacadam.domain.Book"/>
		<mapping class="zmacadam.domain.Publisher"/>
		<mapping class="zmacadam.domain.Author"/>
		<mapping class="zmacadam.domain.Editor"/>
	</session-factory>
</hibernate-configuration>